Workbook

Sheet Java
A1: # | B1: Вопросы | C1: Баллы | D1: Длительность (мин) | E1: № старого вопроса | F1: Сложность | G1: Вступительное | H1: 1 | I1: 2 | J1: 3
B2: Архитектура современных приложений | C2: =SUM(C3:C8) -> 6 | D2: =SUM(D3:D8) -> 30 | O2: Зачтено
A3: A1 | B3: Консольные приложения | C3: 1 | D3: 5 | O3: В процессе
A4: A2 | B4: Архитектура клиент-сервер | C4: 3 | D4: 15 | G4: Зачтено
B5: Взаимодействие серверов с клиентами
B6: 2х, 3х и многоуровневая архитектура клиент-сервер
B7: Тонкий и толстый клиент
A8: A3 | B8: Web Services | C8: 2 | D8: 10 | H8: В процессе 4
B9: SOAP
B10: RESTful
B11: Сравнение, преимущества/недостатки
B13: ООП | C13: =SUM(C14,C20) -> 3 | D13: =SUM(D14:D20) -> 30
A14: O1 | B14: Основные понятия | C14: 1 | D14: 10 | G14: Зачтено
B15: Инкапсуляция
B16: Наследование
B17: Полиморфизм
B18: Типы взаимоотношений классов (ассоциация, агрегация и композиция, обобщение/расширение (наследование))
B19: Интерфейс, абстрактный класс
A20: O2 | B20: Основные паттерны ООП | C20: 2 | D20: 20 | H20: В процессе 4
B22: Программирование (Java) | C22: =SUM(C23:C199) -> 64 | D22: =SUM(D23:D203) -> 550
A23: J1 | B23: Основные понятия и типы данных | C23: 1 | D23: 10 | E23: J1 | F23: 1 | G23: Зачтено
B24: Объявление
B25: Области видимости (модификаторы доступа)
B26: Boxing и Unboxing
B27: Примитивные и Ссылочный типы
B28: Модель памяти. Сборка мусора GC
A29: J2 | B29: Знание синтаксиса и конструкций языка | C29: 1 | D29: 15 | E29: J3 | F29: 1 | G29: Зачтено
B30: Операторы
B31: Логические выражения
B32: Управляющие конструкции
B33: Интерфейсы, Классы, Абстрактные классы
B34: Внутренние и вложенные классы
B35: Ключевые слова static и final
B36: Enums
B37: Работы с пакетами
A38: J3 | B38: Коллекции (а так же хэшированные наборы данных) | C38: 1 | D38: 20 | E38: J2 | F38: 1 | G38: Зачтено
B39: Иерархия коллекций
B40: Iterable, Collection
B41: List и его реализации
B42: Set и его реализации
B43: SortedSet, NavigableSet и его реализации
B44: Map и ее реализации
B45: SortedMap, NavigableMap и ее реализации
B46: Другие коллекции (Queue, Dequeue, Stack, Vector, Hashtable)
A47: J4 | B47: Обработка исключений (ошибок) | C47: 1 | D47: 10 | E47: J4 | F47: 1 | G47: Зачтено
B48: try … catch … finally. Try-with-resources.
B49: Иерархия исключений
B50: Checked и Unchecked исключения
A51: J5 | B51: Общие понятия о многопоточном исполнении кода | C51: 1 | D51: 20 | E51: J5 | F51: 1
B52: Гонка ресурсов. Голодание. Deadlock(Взаимная блокировка)
B53: Семафоры, мьютексы, мониторы.
B54: Создание потоков (Thread, Runnable)
B55: Синхронизация между потоками (synchronized, wait, notify, notifyAll; Thread.sleep)
B56: Коллекции для работы в многопоточном окружении.
A57: J6 | B57: Основы технологии взаимодействия приложения с БД (JDBC) | C57: 1 | D57: 10 | E57: J6 | F57: 1 | H57: В процессе 3
B58: Driver, DriverManager, Connection
B59: Statement, PreparedStatement, CallableStatement
B60: ResultSet, RowMapper
B61: Выполнение различных видов SQL-запросов через JDBC
B62: Управление транзакциями
A63: J7 | B63: Lambda | C63: 1 | D63: 10 | E63: J7 | F63: 1 | H63: В процессе 1
B64: Определение и синтаксис
B65: Функциональный интерфейс
B66: Встроенные в язык функциональные интерфейсы
A67: J8 | B67: Generics | C67: 1 | D67: 15 | E67: J8 | F67: 1 | H67: В процессе 1
B68: Назначение и синтаксис
B69: Использование в классах(включая наследование), методах, полях, переменных.
B70: Wildcards - ?, ? super T, ? extends T
B71: PECS (Producer - extends, Consumer - super)
A72: J9 | B72: Аннотации и их виды | C72: 1 | D72: 10 | E72: J9 | F72: 1 | H72: В процессе 1
B73: Назначение и синтаксис
B74: @Retention
B75: @Target
B76: @Documented
B77: Создание собственных аннотаций
A78: J10 | B78: Stream API | C78: 1 | D78: 20 | E78: J10 | F78: 1 | H78: В процессе 1
B79: Способы создания
B80: Конвейерные и терминальные операции
B81: Stream и Collections
B82: Collectors
B83: Тип Optional
B84: IntStream, DoubleStream и тд.
B85: Parallel Stream
A86: J11 | B86: Потоки данных | C86: 1 | D86: 15 | E86: J11 | F86: 1
B87: Типы и назначение
B88: Правильное открытие и закрытие потоков
B89: Сериализация объектов в поток. Десериализация.
A90: J12 | B90: Сборка проектов (один из) | C90: 1 | D90: 15 | E90: J13 | F90: 1
B91: Maven
B92: Gradle
B93: Ant
A94: J13 | B94: ORM (на примере Hibernate или Spring Data) | C94: 1 | D94: 30 | E94: J15 | F94: 1 | H94: В процессе 3
B95: Что такое JPA
B96: DataSource
B97: 1-To-1
B98: Many-To-1
B99: 1-To-Many
B100: Many-To-Many
B101: Fetch strategy
B102: Cascade, OrphanRemoval
...

Sheet JS
A1: =Java!A1 -> # | B1: =Java!B1 -> Вопросы | C1: =Java!C1 -> Баллы | D1: =Java!D1 -> Длительность (мин) | E1: =Java!E1 -> № старого вопроса | F1: =Java!F1 -> Сложность
B2: =Java!B2 -> Архитектура современных приложений | C2: =Java!C2 -> 6 | D2: =Java!D2 -> 30
A3: =Java!A3 -> A1 | B3: =Java!B3 -> Консольные приложения | C3: =Java!C3 -> 1 | D3: =Java!D3 -> 5
A4: =Java!A4 -> A2 | B4: =Java!B4 -> Архитектура клиент-сервер | C4: =Java!C4 -> 3 | D4: =Java!D4 -> 15
B5: =Java!B5 -> Взаимодействие серверов с клиентами
B6: =Java!B6 -> 2х, 3х и многоуровневая архитектура клиент-сервер
B7: =Java!B7 -> Тонкий и толстый клиент
A8: =Java!A8 -> A3 | B8: =Java!B8 -> Web Services | C8: =Java!C8 -> 2 | D8: =Java!D8 -> 10
B9: =Java!B9 -> SOAP
B10: =Java!B10 -> RESTful
B11: =Java!B11 -> Сравнение, преимущества/недостатки
B13: =Java!B13 -> ООП | C13: =Java!C13 -> 3 | D13: =Java!D13 -> 30
A14: =Java!A14 -> O1 | B14: =Java!B14 -> Основные понятия | C14: =Java!C14 -> 1 | D14: =Java!D14 -> 10
B15: =Java!B15 -> Инкапсуляция
B16: =Java!B16 -> Наследование
B17: =Java!B17 -> Полиморфизм
B18: =Java!B18 -> Типы взаимоотношений классов (ассоциация, агрегация и композиция, обобщение/расширение (наследование))
B19: =Java!B19 -> Интерфейс, абстрактный класс
A20: =Java!A20 -> O2 | B20: =Java!B20 -> Основные паттерны ООП | C20: =Java!C20 -> 2 | D20: =Java!D20 -> 20
B22: Программирование (JS) | C22: =SUM(C23:C113) -> 62 | D22: =SUM(D23:D115) -> 550
A23: JS1 | B23: Базовые сведения | C23: 1 | D23: 15 | E23: JS1 | F23: 1
B24: Типы данных
B25: Операторы языка
B26: Циклы, управляющие конструкции
A27: JS2 | B27: Переменные и Функции. Область видимости. | C27: 1 | D27: 10 | E27: JS2 | F27: 1
B28: Объявление и использование переменных
B29: Объявление и использование функций
B30: Область видимости. Что такое «поднятие» (hoisting)
A31: JS3 | B31: DOM/BOM. | C31: 1 | D31: 15 | E31: JS3 | F31: 1
B32: Что такое DOM? Из чего состоит DOM, Узлы и их виды.
B33: Что такое BOM? Что в себя включает BOM?
A34: JS4 | B34: Обработка событий. | C34: 1 | D34: 10 | E34: JS4 | F34: 1
B35: Назначение обработчиков событий. В чем разница каждого способа.
B36: Всплытие, погружение событий.
B37: Объект event и его свойства.
A38: JS5 | B38: Сложные структуры | C38: 1 | D38: 15 | E38: JS5 | F38: 1
B39: String
B40: Numbers
B41: Date
B42: Symbol
A43: JS6 | B43: Коллекции | C43: 1 | D43: 15 | E43: НЕТ | F43: 1
B44: Array
B45: Object
B46: Set
B47: Map
B48: Деструктурирование
B49: Оператор rest/spread
A50: JS7 | B50: Замыкания. Лексическое окружение | C50: 1 | D50: 10 | E50: JS6 | F50: 1
B51: Что такое «Лексическое окружение». Когда оно создается?
B52: Что такое «Замыкание»?
A53: JS8 | B53: Контекст выполнения (this). Переопределение контекста | C53: 1 | D53: 15 | E53: JS7 | F53: 1
B54: Контекст выполнения. Значения контекста выполнения
B55: Переопределение контекста
A56: JS9 | B56: Модули | C56: 1 | D56: 20 | E56: JS8 | F56: 1
B57: Шаблон «Модуль»
B58: CommonJS. Навыки работы с CommonJS
B59: Модули ES6
B60: AMD, UMD (опционально)
A61: JS10 | B61: Тестирование | C61: 1 | D61: 10 | E61: JS19 | F61: 1
B62: Unit (один из Jest, Mocha и Chai, Karma и Jasmine)
B63: TDD, BDD методологии написания тестов
B64: End-2-End
A65: JS11 | B65: Одностраничные приложения | C65: 2 | D65: 15 | E65: JS10 | F65: 2
B66: Что собой представляют одностраничные приложения?
B67: Какие инструменты (библиотеки. протоколы и архитектурные решения) используют для построения SPA.
B68: Сравнение с многостраничными приложениями. Какие преимущества и недостатки существуют
A69: JS12 | B69: NodeJS. Работа с встроенными стандартными пакетами | C69: 2 | D69: 15 | E69: JS20 | F69: 2
A70: JS13 | B70: NodeJS. Таск-раннеры | C70: 2 | D70: 15 | E70: JS20 | F70: 2
A71: JS14 | B71: NodeJS. Бандлеры | C71: 2 | D71: 15 | E71: JS16 | F71: 2
A72: JS15 | B72: Функциональное программирование | C72: 2 | D72: 10 | E72: JS21 | F72: 2
B73: Чистые функции (pure functions)
B74: Функции высшего порядка (higher order functions или first-class functions)
B75: Неизменяемые данные (immutable data)
B76: Каррирование и частичное применение функций
A77: JS16 | B77: Реактивное программирование (RxJS) | C77: 2 | D77: 15 | E77: JS21 | F77: 2
A78: JS17 | B78: Пакетные менеджеры: npm, yarn | C78: 2 | D78: 15 | E78: JS11 | F78: 2
A79: JS18 | B79: Препроцессоры CSS (один из) | C79: 2 | D79: 25 | E79: НЕТ | F79: 2
B80: SCSS
B81: LESS
A82: JS19 | B82: Базовые знания React | C82: 3 | D82: 30 | E82: JS9 | F82: 3
A83: JS20 | B83: Базовые знания Angular | C83: 3 | D83: 30 | E83: JS9 | F83: 3
A84: JS21 | B84: Базовые знания Vue.js | C84: 3 | D84: 30 | E84: JS9 | F84: 3
A85: JS22 | B85: Технологии передачи данных | C85: 3 | D85: 20 | E85: JS13 | F85: 3
B86: AJAX/WebSocket
B87: JSON и его использование
B88: Кроссдоменные запросы
A89: JS23 | B89: Классы, Наследование и Конструкторы | C89: 3 | D89: 20 | E89: JS15 | F89: 3
B90: Функции-конструкторы
B91: JSON и его использование
B92: Прототипирование и цепочка прототипов (prototypal inheritance)
B93: Классы
B94: Статические свойства
B95: Наследование с помощью классов
A96: JS24 | B96: Параллельная модель и цикл событий (Event Loop) | C96: 3 | D96: 20 | E96: JS17 | F96: 3
B97: Event Loop
B98: Callbacks
B99: Promises
B100: Iterator
B101: Generators
B102: Async / await (опционально)
...

Sheet .NET
A1: # | B1: Вопросы | C1: Баллы | D1: Длительность (мин) | E1: № старого вопроса | F1: Сложность
B2: Архитектура современных приложений | C2: =SUM(C3:C8) -> 6 | D2: =SUM(D3:D8) -> 30
A3: A1 | B3: Консольные приложения | C3: 1 | D3: 5
A4: A2 | B4: Архитектура клиент-сервер | C4: 3 | D4: 15
B5: Взаимодействие серверов с клиентами
B6: 2х, 3х и многоуровневая архитектура клиент-сервер
B7: Тонкий и толстый клиент
A8: A3 | B8: Web Services | C8: 2 | D8: 10
B9: SOAP
B10: RESTful
B11: Сравнение, преимущества/недостатки
B13: ООП | C13: =SUM(C14,C20) -> 3 | D13: =SUM(D14:D20) -> 30
A14: O1 | B14: Основные понятия | C14: 1 | D14: 10
B15: Инкапсуляция
B16: Наследование
B17: Полиморфизм
B18: Типы взаимоотношений классов (ассоциация, агрегация и композиция, обобщение/расширение (наследование))
B19: Интерфейс, абстрактный класс
A20: O2 | B20: Основные паттерны ООП | C20: 2 | D20: 20
B22: Программирование (.NET) | C22: =SUM(C23:C103) -> 63 | D22: =SUM(D23:D103) -> 550
A23: N1 | B23: Основные понятия и типы данных. Понимание что такое сборка и GAC | C23: 1 | D23: 20 | E23: N1, N10 | F23: 1
B24: Объявление
B25: Области видимости.
B26: Операторы
B27: Логические выражения
B28: Структуры кода
B29: Процедуры, функции, классы (объекты)
B30: extension методы (методы расширения)
A31: N2 | B31: Дополнительные возможности | C31: 1 | D31: 15 | E31: N7 | F31: 1
B32: Лямбды
B33: Custom Attributes
A34: N3 | B34: Коллекции | C34: 1 | D34: 20 | E34: N2 | F34: 1
A35: N4 | B35: Обработка исключений. | C35: 1 | D35: 15 | E35: N3 | F35: 1
A36: N5 | B36: Работа с памятью | C36: 1 | D36: 20 | E36: N6 | F36: 1
B37: Модель памяти.
B38: Сборка мусора.
B39: Понимание интерфейса IDisposable.
B40: Finalize
A41: N6 | B41: Потоки данных | C41: 1 | D41: 15 | E41: N11 | F41: 1
A42: N7 | B42: Многопоточность, асинхронное выполнение | C42: 1 | D42: 20 | E42: N4 | F42: 1
A43: N8 | B43: События и делегаты | C43: 1 | D43: 15 | E43: НЕТ | F43: 1
A44: N9 | B44: LINQ | C44: 1 | D44: 15 | E44: N8 | F44: 1
B45: Базовые знания
B46: LinqToSql
B47: LinqToEntities
A48: N10 | B48: ADO.NET | C48: 1 | D48: 15 | E48: N12 | F48: 1
A49: N11 | B49: Модульное тестирование (Microsoft-specified UnitTests) | C49: 1 | D49: 20 | E49: N17 | F49: 1
A50: N12 | B50: Валидация модели или проверка вводимых данных на корректность | C50: 2 | D50: 10 | E50: НЕТ | F50: 2
A51: N13 | B51: WPF | C51: 2 | D51: 20 | E51: N14 | F51: 2
A52: N14 | B52: ORM-решения (один из) | C52: 2 | D52: 20 | E52: НЕТ | F52: 2
B53: LinqConnect
B54: NHibernate
B55: Telerik Data Access
A56: N15 | B56: Entity Framework | C56: 2 | D56: 15 | E56: N13 | F56: 2
A57: N16 | B57: ASP.NET Web API | C57: 2 | D57: 15 | E57: N15 | F57: 2
A58: N17 | B58: ASP.Net MVC | C58: 2 | D58: 20 | E58: N18 | F58: 2
A59: N18 | B59: .NET Core Entity Framework | C59: 2 | D59: 20 | E59: НЕТ | F59: 2
A60: N19 | B60: ASP.NET Core MemoryCache | C60: 2 | D60: 10 | E60: НЕТ | F60: 2
A61: N20 | B61: .Net Core | C61: 3 | D61: 20 | E61: N19 | F61: 3
B62: Языки
B63: API - интерфейсы
B64: Инфраструктуры
B65: Композиция/компоненты
B66: Сравнение с другими реализациями .NET
A67: N21 | B67: .NET Core APIs | C67: 3 | D67: 20 | E67: НЕТ | F67: 3
B68: Dependency
B69: Логирование
B70: Конфигурация
A71: N22 | B71: ASP.NET Identity (Аутентификация & Авторизация) | C71: 3 | D71: 20 | E71: N21 | F71: 3
B72: One ASP.NET Identity system
B73: Ease of plugging in profile data about the user
B74: Persistence control
B75: Unit testability
B76: Role provider
B77: Claims Based
B78: Social Login Providers
B79: OWIN Integration
B80: NuGet package
A81: N23 | B81: ASP.NET Core Основы | C81: 3 | D81: 20 | E81: N21 | F81: 3
B82: Преимущества, обеспечиваемые ASP.NET Core
B83: Создание веб-API
B84: Клиентская разработка
B85: ASP.NET Core для платформы .NET Framework
A86: N24 | B86: ASP.NET Core Глобализация и локализация | C86: 3 | D86: 15 | E86: НЕТ | F86: 3
A87: N25 | B87: ASP.NET Core Routing | C87: 3 | D87: 15 | E87: НЕТ | F87: 3
A88: N26 | B88: ASP.NET Core Client side apps | C88: 3 | D88: 20 | E88: НЕТ | F88: 3
B89: SPA Angular project template with ASP.NET
B90: SPA React project template with ASP.NET
B91: SPA React with Redux project template with ASP.NET
B92: SPA JavaScript Services
B93: LibMan Grunt in ASP.NET
B94: LibMan Manage client-side packages with Bower
B95: LibMan Bundle and minify static assets
B96: LibMan Browser Link
A97: N27 | B97: ASP.NET Core Razor Pages | C97: 3 | D97: 20 | E97: НЕТ | F97: 3
A98: N28 | B98: ASP.NET Core Web API (один из) | C98: 3 | D98: 20 | E98: НЕТ | F98: 3
B99: Swagger / OpenAPI
B100: SignalR (опционально)
A101: N29 | B101: ASP.NET Core MVC | C101: 3 | D101: 30 | E101: N19 | F101: 3
A102: N30 | B102: ASP.NET Core Model Binding | C102: 3 | D102: 15 | E102: НЕТ | F102: 3
...

Sheet PHP
A1: # | B1: Вопросы | C1: Баллы | D1: Длительность (мин)
B2: Архитектура современных приложений | C2: =SUM(C3:C8) -> 6 | D2: =SUM(D3:D8) -> 30
A3: A1 | B3: Консольные приложения | C3: 1 | D3: 5
A4: A2 | B4: Архитектура клиент-сервер | C4: 3 | D4: 15
B5: Взаимодействие серверов с клиентами
B6: 2х, 3х и многоуровневая архитектура клиент-сервер
B7: Тонкий и толстый клиент
A8: A3 | B8: Web Services | C8: 2 | D8: 10
B9: SOAP
B10: RESTful
B11: Сравнение, преимущества/недостатки
B13: ООП | C13: =SUM(C14,C20) -> 3 | D13: =SUM(D14:D20) -> 30
A14: O1 | B14: Основные понятия | C14: 1 | D14: 10
B15: Инкапсуляция
B16: Наследование
B17: Полиморфизм
B18: Типы взаимоотношений классов (ассоциация, агрегация и композиция, обобщение/расширение (наследование))
B19: Интерфейс, абстрактный класс
A20: O2 | B20: Основные паттерны ООП | C20: 2 | D20: 20
B22: Программирование (PHP) | C22: =SUM(C23:C93) -> 40 | D22: =SUM(D23:D93) -> 330
A23: P1 | B23: Типы данных | C23: 1 | D23: 5
B24: boolean, integer, float, string - скалярные
B25: array, object, callable, iterable - смешанные
B26: resource, null – специальные
A27: P2 | B27: Коллекции | C27: 2 | D27: 20
A28: P3 | B28: Объявление и области видимости переменных | C28: 1 | D28: 5
B29: Объявление переменных
B30: глобальная / локальная
B31: ключевое слово global
B32: $GLOBALS
B33: понятие о суперглобальных переменных
B34: static $var (вне класса)
B35: переменные из внешних источников
B36: константы
A37: P4 | B37: Операторы | C37: 1 | D37: 5
A38: P5 | B38: Структуры управления выполнением | C38: 1 | D38: 5
B39: условные
B40: циклы
B41: альтернативный синтаксис (для шаблонов)
B42: require / include
A43: P6 | B43: Функции | C43: 1 | D43: 5
B44: объявление, передача параметров
B45: обращение к функциям через переменные
B46: анонимные функции
A47: P7 | B47: Неймспейсы | C47: 1 | D47: 5
A48: P8 | B48: Autoloading (автозагрузка классов) | C48: 1 | D48: 5
A49: P9 | B49: Механизм исключений (Exceptions) и обработка ошибок | C49: 1 | D49: 15
B50: типы / уровни ошибок
B51: error_reporting
A52: P10 | B52: Язык PHP | C52: 2 | D52: 20
B53: Standard SPL Library
B54: Генераторы
B55: Работа с БД: PDO и другие способы доступа к БД
B56: Безопасность
A57: P11 | B57: Установка и настройка окружения | C57: 2 | D57: 15
B58: PHP c nginx
B59: PHP с apache2 (опицонально)
B60: Установка и настройка MySQL
B61: Установка расширений PHP
A62: P12 | B62: Менеджеры пакетов | C62: 2 | D62: 20
B63: Composer
B64: PEAR (опционально)
A65: P13 | B65: Отладка | C65: 2 | D65: 15
B66: Подключние XDebug
B67: Настройка отладки PHPStorm
A68: P14 | B68: Основа Symfony (установка и основы работы). | C68: 2 | D68: 20
A69: P15 | B69: Продвинутый Symfony | C69: 3 | D69: 25
B70: Паттерны MVC, Dependency Injection
A71: P16 | B71: Основа Doctrine ORM | C71: 2 | D71: 20
B72: Понятие ORM
B73: Паттерн Object Mapper
B74: Паттерн Active Record
A75: P17 | B75: Продвинутый Doctrine ORM | C75: 3 | D75: 25
B76: проблема Lazy loading и N+1 запрос (Lazy loading N+1 queries)
B77: Avoid many objects hydration
B78: $em->getReference('App\User', $friendId) instead of loading object
B79: Update multiple database rows using Update statement
B80: fetch="EXTRA_LAZY" (чтобы количество считалось через count() )
A81: P18 | B81: Основы ФП | C81: 3 | D81: 20
B82: Неизменяемые данные (immutable data)
B83: Чистые функции (pure functions)
B84: Функции высшего порядка (higher order functions)
B85: Понимание методов .map, .reduce
B86: Реактивное программирование (reactive programming)
A87: P19 | B87: ElasticSearch | C87: 3 | D87: 20
A88: P20 | B88: Профилирование кода | C88: 2 | D88: 20
B89: xDebug
B90: XHProf or BlackFire.io
B91: TideWays.io (опционально)
A92: P21 | B92: Оптимизация и настройка MySQL/PostgreSQL | C92: 2 | D92: 20
A93: P22 | B93: Кэширование данных | C93: 2 | D93: 20
B95: Базы данных | C95: =SUM(C96:C113) -> 9 | D95: =SUM(D96:D113) -> 90
A96: B1 | B96: Основные понятия | C96: 2 | D96: 20
B97: Типы данных
B98: Нормализация и денормализация
B99: Ключи
B100: Блокировки
B101: Транзакции
A102: B2 | B102: Объекты БД | C102: 2 | D102: 20
B103: Создание и изменение.
...

Sheet Python
A1: # | B1: Вопросы | C1: Баллы | D1: Длительность (мин)
B2: Архитектура современных приложений | C2: =SUM(C3:C8) -> 6 | D2: =SUM(D3:D8) -> 30
A3: A1 | B3: Консольные приложения | C3: 1 | D3: 5
A4: A2 | B4: Архитектура клиент-сервер | C4: 3 | D4: 15
B5: Взаимодействие серверов с клиентами
B6: 2х, 3х и многоуровневая архитектура клиент-сервер
B7: Тонкий и толстый клиент
A8: A3 | B8: Web Services | C8: 2 | D8: 10
B9: SOAP
B10: RESTful
B11: Сравнение, преимущества/недостатки
B13: ООП | C13: =SUM(C14,C20) -> 3 | D13: =SUM(D14:D20) -> 30
A14: O1 | B14: Основные понятия | C14: 1 | D14: 10
B15: Инкапсуляция
B16: Наследование
B17: Полиморфизм
B18: Типы взаимоотношений классов (ассоциация, агрегация и композиция, обобщение/расширение (наследование))
B19: Интерфейс, абстрактный класс
A20: O2 | B20: Основные паттерны ООП | C20: 2 | D20: 20
B22: Программирование (Python) | C22: =SUM(C23:C98) -> 40 | D22: =SUM(D23:D98) -> 330
A23: Y1 | B23: Основные понятия и типы данных | C23: 1 | D23: 10
B24: Особенности Python
B25: интерпретируемость
B26: модель памяти (счётчик ссылок, сборщик мусора)
B27: динамическая типизация
B28: PEP 8, PEP 20
A29: Y2 | B29: Коллекции (list, dict, tuple, ...) | C29: 2 | D29: 15
B30: область применения
B31: сложность операций поиска/вставки/удаления элемента
A32: Y3 | B32: Модуль collections | C32: 2 | D32: 15
B33: примеры коллекций и их свойства
B34: область применения
B35: collections.abc
A36: Y4 | B36: ФП | C36: 1 | D36: 10
B37: встроенные функции map/filter/reduce
B38: модуль functools
B39: модуль itertools
A40: Y5 | B40: Итераторы и итерируемые объекты | C40: 1 | D40: 10
B41: что такое итератор
B42: уметь написать пример итерируемого объекта и итератора для него
A43: Y6 | B43: Функции-генераторы | C43: 2 | D43: 15
B44: что такое генератор
B45: отличия от обычных функций
B46: сходства/различия с итераторами
B47: уметь написать простейший генератор (что-то вроде нечётные числа от a до b)
A48: Y7 | B48: Исключения | C48: 1 | D48: 10
B49: блок try-except и оператор raise
B50: иерархия
B51: пользовательские классы исключений
A52: Y8 | B52: Базовый ООП | C52: 2 | D52: 20
B53: Синтаксис
B54: magic-methods
B55: статические и классовые методы
A56: Y9 | B56: Продвинутый ООП | C56: 3 | D56: 30
B57: дескрипторы
B58: метаклассы
B59: Slots
A60: Y10 | B60: Модули | C60: 1 | D60: 10
B61: относительный/абсолютный импорт
B62: как объявить пакет модулей
A63: Y11 | B63: Декораторы | C63: 2 | D63: 15
B64: что такое декоратор
B65: уметь писать декораторы(с и без параметров)
B66: примеры декораторов из стандартной библиотеки (contextlib.contextmanager, functools.wraps, ...)
A67: Y12 | B67: Менеджеры контекста | C67: 1 | D67: 10
B68: как устроены
B69: уметь написать
A70: Y13 | B70: Файловая система | C70: 1 | D70: 10
B71: функция open и класс file
B72: причины и плюсы/минусы использования менеджера контекста
A73: Y14 | B73: Базовая многопоточность (GIL) | C73: 2 | D73: 15
A74: Y15 | B74: Продвинутая многопоточность | C74: 3 | D74: 30
B75: вытесняющая многозадачность
B76: разделяемые ресурсы
B77: механизмы синхронизации(Lock, RLock, Semaphore)
B78: кооперативная многозадачность
B79: корутины
B80: модуль asyncio
A81: Y16 | B81: Multiprocessing | C81: 3 | D81: 15
B82: отличия от многопоточности
B83: плюсы, минусы
A84: Y17 | B84: Отладка (ipython, pdb) | C84: 2 | D84: 10
A85: Y18 | B85: Механизмы сериализации (pickle, shelve, json) | C85: 1 | D85: 10
A86: Y19 | B86: Веб-фреймворки | C86: 3 | D86: 20
B87: синхронные: Django, Flask (область применения, особенности, различия)
B88: асинхронные: Tornado (область применения, особенности)
A89: Y20 | B89: Работа с БД | C89: 2 | D89: 20
B90: ORM (Django ORM, SQLAlchemy)
B91: RAW (pyodbc, sqllite3, psycopg2)
A92: Y21 | B92: Unit тестирование | C92: 2 | D92: 10
A93: Y22 | B93: Типы данных | C93: 1 | D93: 10
B94: атомарные и ссылочные, изменяемые и неизменяемые
B95: разделяемые ссылки, оператор is, функция id
B96: хэшируемость (связь с неизменяемостью)
B97: строки и Unicode (кодировки cp1251, utf-8, utf-16)
A98: Y23 | B98: Функции | C98: 1 | D98: 10
B100: Базы данных | C100: =SUM(C101:C118) -> 9 | D100: =SUM(D101:D118) -> 90
A101: B1 | B101: Основные понятия | C101: 2 | D101: 20
B102: Типы данных
B103: Нормализация и денормализация
...

Sheet Salesforce
A1: # | B1: Вопросы | C1: Баллы | D1: Длительность (мин)
B2: Архитектура современных приложений | C2: =SUM(C3:C8) -> 6 | D2: =SUM(D3:D8) -> 30
A3: A1 | B3: Консольные приложения | C3: 1 | D3: 5
A4: A2 | B4: Архитектура клиент-сервер | C4: 3 | D4: 15
B5: Взаимодействие серверов с клиентами
B6: 2х, 3х и многоуровневая архитектура клиент-сервер
B7: Тонкий и толстый клиент
A8: A3 | B8: Web Services | C8: 2 | D8: 10
B9: SOAP
B10: RESTful
B11: Сравнение, преимущества/недостатки
B13: ООП | C13: =SUM(C14,C20) -> 3 | D13: =SUM(D14:D20) -> 30
A14: O1 | B14: Основные понятия | C14: 1 | D14: 10
B15: Инкапсуляция
B16: Наследование
B17: Полиморфизм
B18: Типы взаимоотношений классов (ассоциация, агрегация и композиция, обобщение/расширение (наследование))
B19: Интерфейс, абстрактный класс
A20: O2 | B20: Основные паттерны ООП | C20: 2 | D20: 20
B22: Программирование (Salesforce) | C22: =SUM(C23:C95) -> 40 | D22: =SUM(D23:D95) -> 330
A23: S1 | B23: Salesforce платформа [115 мин] | C23: 1 | D23: 10
B24: Salesforce Platform Basics
B25: Platform Development Basics
A26: S2 | B26: Основные стандартные объекты (standard object) [120 мин] | C26: 1 | D26: 15
B27: Leads & Opportunities
B28: Accounts & Contacts
B29: Campaign Basics
B30: Работа с объектом User
A31: S3 | B31: Собственные объекты (custom object) [45 мин] | C31: 1 | D31: 10
B32: Создание и конфигурирование custom object.
B33: Различия между custom и standard объектами и их настройками.
B34: Data Modeling
A35: S4 | B35: Поля объектов (Fields) [120 мин] | C35: 1 | D35: 10
B36: Стандартные и собственные поля
B37: Типы полей и их различия
B38: Customize a Salesforce Object
A39: S5 | B39: Работа с отчетами и панелями мониторинга (dashboard) [120 мин] | C39: 2 | D39: 15
B40: Report type
B41: Reports & Dashboards
A42: S6 | B42: Генерация и обработка Leads & Cases. | C42: 1 | D42: 5
B43: Auto-Response Rules
B44: Escalation Rules
B45: Assignment rules
B46: Web-to-lead & web-to-case
B47: Email-to-case
A48: S7 | B48: Developer Console Basics [85 мин] | C48: 1 | D48: 5
A49: S8 | B49: Data Security [110 мин] | C49: 4 | D49: 25
B50: Уровни конфигурирования доступа к данным
B51: Различия между Organization, Objects, Fields, Records. Profiles and Permission sets
B52: Roles
B53: Понимание Sharing
B54: Умение ориентироватся в разных типах
B55: Data Security
A56: S9 | B56: Record types & page layouts. Lightning UI. | C56: 2 | D56: 10
A57: S10 | B57: Formulas & Validations [45 мин] | C57: 1 | D57: 10
A58: S11 | B58: Workflow rules, process builder flow, approval process [125 мин] | C58: 2 | D58: 15
B59: Lightning Flow
A60: S12 | B60: Data management & Data Quality [100 min] | C60: 1 | D60: 10
B61: Data Import Wizard, Data Loader
B62: Data Export Wizard, Data Loader
B63: Data Management
B64: Data Quality
A65: S13 | B65: Visualforce page, компоненты [145 мин] | C65: 2 | D65: 15
B66: Visualforce Basics
A67: S14 | B67: Основные конструкции языка Apex [165 мин] | C67: 3 | D67: 25
B68: Коллекции (List, Map, Set)
B69: SOQL & SOSL
B70: Apex Basics & Database
A71: S15 | B71: Triggers [60 мин] | C71: 1 | D71: 15
B72: Виды триггеров
B73: Лучшие практики по их использованию
B74: Apex Triggers
A75: S16 | B75: Apex Testing [45 мин] | C75: 1 | D75: 15
A76: S17 | B76: APIs [120 мин] | C76: 2 | D76: 20
B77: REST API
B78: SOAP API
B79: Bulk API
B80: Lightning Platform API Basics
A81: S18 | B81: Asynchronous Apex [90 мин] | C81: 2 | D81: 15
B82: Создание асинхронных процессов
B83: Future methods
B84: Batch Apex
B85: Apex Schedule
B86: Asynchronous Apex
A87: S19 | B87: Apex Integration Services. Callouts. [120 мин] | C87: 3 | D87: 25
B88: Навыки работы со сторонними веб-сервисами посредствам SOAP и REST
B89: Web Services
B90: Навыки создания RESTfull и SOAP сервисов
B91: Apex Integration Services
A92: S20 | B92: Application Lifecycle Management Model [155 мин] | C92: 2 | D92: 15
A93: S21 | B93: Разрешение доступов из кода к внешним сайтам [70 мин] | C93: 1 | D93: 10
A94: S22 | B94: Aura Components Basics [240 мин] | C94: 4 | D94: 25
A95: S23 | B95: Understand Execution Context [20 мин] | C95: 1 | D95: 10
B97: Базы данных | C97: =SUM(C98:C115) -> 9 | D97: =SUM(D98:D115) -> 90
A98: B1 | B98: Основные понятия | C98: 2 | D98: 20
B99: Типы данных
B100: Нормализация и денормализация
B101: Ключи
B102: Блокировки
B103: Транзакции
...

Sheet DevOps
A1: # | B1: Вопросы | C1: Баллы | D1: Длительность (мин)
B2: Архитектура и приложения | C2: =SUM(C3:C8) -> 7 | D2: =SUM(D3:D8) -> 60
A3: A1 | B3: Разработка и жизненный цикл приложений | C3: 2 | D3: 10
A4: A2 | B4: Архитектура клиент-сервер | C4: 3 | D4: 30
B5: Взаимодействие серверов с клиентами
B6: 2х, 3х и многоуровневая архитектура клиент-сервер
B7: Тонкий и толстый клиент
A8: A3 | B8: Консольные и оконные приложения | C8: 2 | D8: 20
B10: Операционые системы и оболочки | C10: =SUM(C11:C16) -> 6 | D10: =SUM(D11:D16) -> 90
A11: O1 | B11: Концепции различных операционных систем (Windows, Linux) | C11: 3 | D11: 40
B12: Общие сведения (модель памяти и процессов)
B13: Права доступа
B14: Файловые системы (кофигурационные файлы, структура папок, создание ссылок, файлы внешних устройств)
B15: Ввод-вывод
A16: O2 | B16: Командные оболочки | C16: 3 | D16: 50
B17: Bash
B18: CMD
B19: PowerShell
B21: Сервера, компоненты и системы | C21: =SUM(C22:C64) -> 39 | D21: =SUM(D22:D64) -> 360
A22: D1 | B22: Сетевые протоколы и безопасность | C22: 3 | D22: 20
B23: HTTP/HTTPS
B24: SSL
B25: IP (TCP/UDP)
A26: D2 | B26: Сервера приложений | C26: 3 | D26: 30
B27: TomCat
B28: WildFly
B29: IIS
A30: D3 | B30: Web-сервера | C30: 3 | D30: 40
B31: Apache
B32: Nginx
A33: D4 | B33: MQ | C33: 3 | D33: 20
B34: RabbitMQ
B35: Apache Kafka
A36: D5 | B36: VCS | C36: 3 | D36: 30
B37: Subversion
B38: GIT
A39: D6 | B39: CI/CD | C39: 3 | D39: 30
B40: Jenkins
B41: Teamcity
B42: Облачные CI/CD (Circle CI, Gitlab pipelines, Azure DevOps, Octopus Deploy)
A43: D7 | B43: Configuration managers | C43: 3 | D43: 20
B44: Puppet
B45: Ansible
B46: Chef
B47: DSC (Desired State Configuration)
B48: Terraform
A49: D8 | B49: Мониторы логов | C49: 3 | D49: 20
B50: Graylog
B51: Papertrail
A52: D9 | B52: Мониторы инфраструктуры | C52: 3 | D52: 20
B53: Zabbix
B54: Elastic search
A55: D10 | B55: Containers | C55: 3 | D55: 40
B56: VMware
B57: Docker
B58: Сравнение Виртуальных машин и Контейнеров (понимание виртуализации)
A59: D11 | B59: Container Orchestration (Kubernetics) | C59: 3 | D59: 40
A60: D12 | B60: Облачные платформы | C60: 3 | D60: 30
B61: AWS
B62: Azure
B63: Google Cloud
A64: D13 | B64: Безопасность и методы защиты приложений (OWASP TOP-10) | C64: 3 | D64: 20
B65: Injections
B66: Broken Authentication and Session Management
B67: XSS(Cross Site Scripting)
B68: Insecure Direct Object References
B69: Security Misconfiguration
B70: Missing Fгnction Level Access Control
B71: CSRF/XSRF
B72: Using Components with Known Vulnerabilities
B73: Unvalidated Redirects and Forwards
B75: Программирование на Python | C75: =SUM(C76:C109) -> 19 | D75: =SUM(D76:D109) -> 90
A76: DY1 | B76: Основные понятия | C76: 3 | D76: 20
B77: типы данных (атомарные и ссылочные, изменяемые и неизменяемые)
B78: строки и unicode (кодировки cp1251, utf-8, utf-16)
B79: оператор is, функция id
B80: интерпретируемость
A81: DY2 | B81: Коллекции (list, dict, tuple, ...) | C81: 3 | D81: 10
B82: область применения
B83: сложность операций поиска/вставки/удаления элемента
A84: DY3 | B84: Функции | C84: 2 | D84: 10
B85: области видимости
B86: args, kwargs
A87: DY4 | B87: Исключения | C87: 3 | D87: 10
B88: блок try-except и оператор raise
B89: иерархия
B90: пользовательские классы исключений
A91: DY5 | B91: Файловая система | C91: 2 | D91: 10
B92: функция open и класс file
B93: причины и плюсы/минусы использования менеджера контекста
A94: DY6 | B94: Библиотеки для работы с операционной и файловой системами | C94: 2 | D94: 10
B95: os
B96: sys
B97: shutil
B98: subprocess
A99: DY7 | B99: Библиотеки для работы с сетью, БД и каталогами | C99: 2 | D99: 10
B100: requests
B101: pyodbc
B102: paramico
B103: fabric
...
